{
    "train": {
        "total": {
            "mae": 2.493514060974121,
            "loss": 10.635387420654297
        }
    },
    "grad_norm_total": 15.0476655960083,
    "grad_norm_max": 11.611089706420898,
    "epoch": 0,
    "step": 49
}
